0,-118.06671789722812,0.0,118.06671789722812,0.0,0.0,0.0,0.6730542076149794,0.711393315672054,0.0,0.0,2.0,0.0,0.0,0.0,0.0,0.007
0,-118.02005758594211,0.0,118.02005758594211,0.0,0.0,0.0,0.549506989498391,0.5944742754845092,0.0,0.0,2.0,0.0,0.0,0.0,0.0,0.01
0,-117.9442269943763,0.0,117.9442269943763,0.0,0.0,0.0,0.31518508368071674,0.4190650070157601,0.0,0.0,2.0,0.0,0.0,0.0,0.0,0.009
0,-117.70696514928973,0.0,117.70696514928973,0.0,0.0,0.0,-0.815623343491101,0.278872352924611,0.0,0.0,2.0,0.0,0.0,0.0,0.0,0.008
0,-118.1783197906158,0.0,118.1783197906158,0.0,0.0,0.0,-0.12318019736414937,0.45998400174290816,0.0,0.0,2.0,0.0,0.0,0.0,0.0,0.008
0,-118.12898730676696,0.0,118.12898730676696,0.0,0.0,0.0,-0.18685528104960478,0.3647436043392812,0.0,0.0,2.0,0.0,0.0,0.0,0.0,0.011
0,-118.04478329355432,0.0,118.04478329355432,0.0,0.0,0.0,0.055413469039013064,0.48074986019823146,0.0,0.0,2.0,0.0,0.0,0.0,0.0,0.01
0,-117.97253786555508,0.0,117.97253786555508,0.0,0.0,0.0,0.14457278479000968,0.2618076815397043,0.0,0.0,2.0,0.0,0.0,0.0,0.0,0.01
0,-117.75712717595351,0.0,117.75712717595351,0.0,0.0,0.0,0.008883964880136479,0.2121413544735478,0.0,0.0,2.0,0.0,0.0,0.0,0.0,0.013
0,-117.41188232205549,0.0,117.41188232205549,0.0,0.0,0.0,-0.2490100664294926,0.1293844933312254,0.0,0.0,2.0,0.0,0.0,0.0,0.0,0.01
0,-117.63419096159873,0.0,117.63419096159873,0.0,0.0,0.0,0.5204152444670573,0.05921203172513398,0.0,0.0,2.0,0.0,0.0,0.0,0.0,0.01
0,-117.57376113462641,0.0,117.57376113462641,0.0,0.0,0.0,0.20935088482556827,0.00529476498810906,0.0,0.0,2.0,0.0,0.0,0.0,0.0,0.009
0,-117.30155101146211,0.0,117.30155101146211,0.0,0.0,0.0,0.3335985980385701,-0.06567831215664843,0.0,0.0,2.0,0.0,0.0,0.0,0.0,0.008
0,-117.56574102034902,0.0,117.56574102034902,0.0,0.0,0.0,-0.8960539168415633,-0.09067873512848583,0.0,0.0,2.0,0.0,0.0,0.0,0.0,0.01
0,-117.52848598293085,0.0,117.52848598293085,0.0,0.0,0.0,0.187686870587677,-0.07572083047275796,0.0,0.0,2.0,0.0,0.0,0.0,0.0,0.011
0,-117.49905074444654,0.0,117.49905074444654,0.0,0.0,0.0,0.0432146028730734,0.15968540544656762,0.0,0.0,2.0,0.0,0.0,0.0,0.0,0.01
0,-117.4717180532412,0.0,117.4717180532412,0.0,0.0,0.0,0.22324598942362797,0.023440015944646904,0.0,0.0,2.0,0.0,0.0,0.0,0.0,0.01
0,-117.37543586969421,0.0,117.37543586969421,0.0,0.0,0.0,0.39454676482880036,0.268050453785475,0.0,0.0,2.0,0.0,0.0,0.0,0.0,0.009
0,-117.13704678311271,0.0,117.13704678311271,0.0,0.0,0.0,0.8521906929015122,0.19189405312617228,0.0,0.0,2.0,0.0,0.0,0.0,0.0,0.01
0,-117.41488222040942,0.0,117.41488222040942,0.0,0.0,0.0,-0.0937221599276797,0.05163154701910482,0.0,0.0,2.0,0.0,0.0,0.0,0.0,0.01
0,-117.40122972263113,0.0,117.40122972263113,0.0,0.0,0.0,-0.13862203885747623,0.01043346541997719,0.0,0.0,2.0,0.0,0.0,0.0,0.0,0.01
0,-117.38403989661575,0.0,117.38403989661575,0.0,0.0,0.0,-0.20621764954905586,-0.06460066623001726,0.0,0.0,2.0,0.0,0.0,0.0,0.0,0.008
0,-117.16986417476491,0.0,117.16986417476491,0.0,0.0,0.0,0.2354108709217568,-0.09657365164152193,0.0,0.0,2.0,0.0,0.0,0.0,0.0,0.01
0,-117.12761624467977,0.0,117.12761624467977,0.0,0.0,0.0,0.3172814054511118,-1.0963701640709305,0.0,0.0,2.0,0.0,0.0,0.0,0.0,0.01
0,-117.38102938424942,0.0,117.38102938424942,0.0,0.0,0.0,0.44190996586558307,-0.8629920009559793,0.0,0.0,2.0,0.0,0.0,0.0,0.0,0.01
0,-117.35905888667335,0.0,117.35905888667335,0.0,0.0,0.0,0.262502380136258,-0.6946693358380552,0.0,0.0,2.0,0.0,0.0,0.0,0.0,0.011
0,-117.33465728538896,0.0,117.33465728538896,0.0,0.0,0.0,-0.15036439129414958,-0.5494632695529049,0.0,0.0,2.0,0.0,0.0,0.0,0.0,0.005
0,-117.32362835427699,0.0,117.32362835427699,0.0,0.0,0.0,0.5353177728110028,-0.08158238576391658,0.0,0.0,2.0,0.0,0.0,0.0,0.0,0.01
0,-117.59424876381065,0.0,117.59424876381065,0.0,0.0,0.0,-0.01135090947758616,0.23206391291996972,0.0,0.0,2.0,0.0,0.0,0.0,0.0,0.01
0,-117.33943019320408,0.0,117.33943019320408,0.0,0.0,0.0,-0.059399989684067504,0.14674497959959404,0.0,0.0,2.0,0.0,0.0,0.0,0.0,0.009
0,-117.31571899404875,0.0,117.31571899404875,0.0,0.0,0.0,0.44668807838554003,0.4978403946646941,0.0,0.0,2.0,0.0,0.0,0.0,0.0,0.01
0,-117.59279950981927,0.0,117.59279950981927,0.0,0.0,0.0,-0.03205032180257611,0.30288690699216936,0.0,0.0,2.0,0.0,0.0,0.0,0.0,0.01
0,-117.56290319475264,0.0,117.56290319475264,0.0,0.0,0.0,0.5048571536045467,0.5629699754666251,0.0,0.0,2.0,0.0,0.0,0.0,0.0,0.011
0,-117.31817477686256,0.0,117.31817477686256,0.0,0.0,0.0,0.12707813346172844,0.3418654255477661,0.0,0.0,2.0,0.0,0.0,0.0,0.0,0.009
0,-117.30487936408849,0.0,117.30487936408849,0.0,0.0,0.0,1.2167622054055738,0.2516321774574014,0.0,0.0,2.0,0.0,0.0,0.0,0.0,0.01
0,-117.28332167557869,0.0,117.28332167557869,0.0,0.0,0.0,0.1248087670313501,0.1428857924562847,0.0,0.0,2.0,0.0,0.0,0.0,0.0,0.009
0,-117.03965900558745,0.0,117.03965900558745,0.0,0.0,0.0,-0.09228318042644822,0.029615825993458675,0.0,0.0,2.0,0.0,0.0,0.0,0.0,0.012
0,-117.32346691732769,0.0,117.32346691732769,0.0,0.0,0.0,-0.8037402656221655,-0.0321409616028792,0.0,0.0,2.0,0.0,0.0,0.0,0.0,0.01
0,-117.31478414780985,0.0,117.31478414780985,0.0,0.0,0.0,0.16078224406779396,-0.05937559279310953,0.0,0.0,2.0,0.0,0.0,0.0,0.0,0.011
0,-117.30142065832422,0.0,117.30142065832422,0.0,0.0,0.0,0.5651958112365368,0.6116608514253578,0.0,0.0,2.0,0.0,0.0,0.0,0.0,0.01
0,-117.07070859752191,0.0,117.07070859752191,0.0,0.0,0.0,0.30052728121898464,0.3940815325142218,0.0,0.0,2.0,0.0,0.0,0.0,0.0,0.009
0,-117.06211764237595,0.0,117.06211764237595,0.0,0.0,0.0,0.2608526658690704,0.33142871726276857,0.0,0.0,2.0,0.0,0.0,0.0,0.0,0.01
0,-117.03472479417117,0.0,117.03472479417117,0.0,0.0,0.0,0.2817255476653741,0.5683110420134915,0.0,0.0,2.0,0.0,0.0,0.0,0.0,0.01
0,-117.03866082182105,0.0,117.03866082182105,0.0,0.0,0.0,0.522677057374306,0.6932150474073095,0.0,0.0,2.0,0.0,0.0,0.0,0.0,0.009
0,-117.02643092515106,0.0,117.02643092515106,0.0,0.0,0.0,-0.10906552633560747,0.8044093237972931,0.0,0.0,2.0,0.0,0.0,0.0,0.0,0.008
0,-116.80192915719104,0.0,116.80192915719104,0.0,0.0,0.0,0.7879729347761041,0.669734354133454,0.0,0.0,2.0,0.0,0.0,0.0,0.0,0.01
0,-117.08764496824578,0.0,117.08764496824578,0.0,0.0,0.0,0.004682470769283046,0.4302620378995043,0.0,0.0,2.0,0.0,0.0,0.0,0.0,0.01
0,-117.0807421220972,0.0,117.0807421220972,0.0,0.0,0.0,-0.4381878793838849,0.28838676672166846,0.0,0.0,2.0,0.0,0.0,0.0,0.0,0.01
0,-117.07575123354266,0.0,117.07575123354266,0.0,0.0,0.0,-0.22520516082719713,0.14615427067571796,0.0,0.0,2.0,0.0,0.0,0.0,0.0,0.008
0,-117.08348252471521,0.0,117.08348252471521,0.0,0.0,0.0,-0.1395878883755995,0.11010765958279002,0.0,0.0,2.0,0.0,0.0,0.0,0.0,0.011
0,-117.12518685921636,0.0,117.12518685921636,0.0,0.0,0.0,-0.3273022940677901,0.3415105830942118,0.0,0.0,2.0,0.0,0.0,0.0,0.0,0.01
0,-117.1434643299158,0.0,117.1434643299158,0.0,0.0,0.0,-0.3342056778002756,0.2265077187508712,0.0,0.0,2.0,0.0,0.0,0.0,0.0,0.01
0,-117.3907663647379,0.0,117.3907663647379,0.0,0.0,0.0,0.5185287153585308,0.1355596209382208,0.0,0.0,2.0,0.0,0.0,0.0,0.0,0.006
0,-117.37805952787339,0.0,117.37805952787339,0.0,0.0,0.0,0.4978189706711936,0.10087517878725066,0.0,0.0,2.0,0.0,0.0,0.0,0.0,0.01
0,-117.3518995929567,0.0,117.3518995929567,0.0,0.0,0.0,-0.4059982802875366,0.04640752412351987,0.0,0.0,2.0,0.0,0.0,0.0,0.0,0.011
0,-117.33310784781774,0.0,117.33310784781774,0.0,0.0,0.0,0.21319132457821896,0.36671049790818055,0.0,0.0,2.0,0.0,0.0,0.0,0.0,0.01
0,-117.29122093643244,0.0,117.29122093643244,0.0,0.0,0.0,1.9405917140393816,0.2320127685750856,0.0,0.0,2.0,0.0,0.0,0.0,0.0,0.01
0,-117.21951193599071,0.0,117.21951193599071,0.0,0.0,0.0,-0.21991982451764636,0.15512050578836528,0.0,0.0,2.0,0.0,0.0,0.0,0.0,0.01
0,-116.96805011864507,0.0,116.96805011864507,0.0,0.0,0.0,1.0957058748164403,0.047914783694534266,0.0,0.0,2.0,0.0,0.0,0.0,0.0,0.011
0,-116.9459302622585,0.0,116.9459302622585,0.0,0.0,0.0,-0.587036485767894,-0.005201943285032536,0.0,0.0,2.0,0.0,0.0,0.0,0.0,0.01
0,-117.2231024224418,0.0,117.2231024224418,0.0,0.0,0.0,0.4433870184711109,0.26891285534181975,0.0,0.0,2.0,0.0,0.0,0.0,0.0,0.01
0,-117.21334787155986,0.0,117.21334787155986,0.0,0.0,0.0,0.28184761381928247,0.14259701674432226,0.0,0.0,2.0,0.0,0.0,0.0,0.0,0.007
0,-117.02893565189135,0.0,117.02893565189135,0.0,0.0,0.0,0.2657736457812304,0.10466763250418132,0.0,0.0,2.0,0.0,0.0,0.0,0.0,0.011
0,-116.80289743451792,0.0,116.80289743451792,0.0,0.0,0.0,-0.2857918289011326,0.059774300849165005,0.0,0.0,2.0,0.0,0.0,0.0,0.0,0.011
0,-116.8066978815997,0.0,116.8066978815997,0.0,0.0,0.0,1.6037397118920473,0.021455519047384027,0.0,0.0,2.0,0.0,0.0,0.0,0.0,0.011
0,-116.82647433882576,0.0,116.82647433882576,0.0,0.0,0.0,-0.48440649141780473,-0.007975469381838046,0.0,0.0,2.0,0.0,0.0,0.0,0.0,0.01
0,-116.85558836748814,0.0,116.85558836748814,0.0,0.0,0.0,-0.04592932297395124,-0.10265801834934771,0.0,0.0,2.0,0.0,0.0,0.0,0.0,0.01
0,-116.9205612695902,0.0,116.9205612695902,0.0,0.0,0.0,-0.0535955735587379,-0.13963632456609795,0.0,0.0,2.0,0.0,0.0,0.0,0.0,0.01
0,-116.94023674828885,0.0,116.94023674828885,0.0,0.0,0.0,-0.03796606497436597,-0.12305975351525782,0.0,0.0,2.0,0.0,0.0,0.0,0.0,0.011
0,-116.96281174287665,0.0,116.96281174287665,0.0,0.0,0.0,-0.36692515426973293,-0.14163222338150472,0.0,0.0,2.0,0.0,0.0,0.0,0.0,0.006
0,-116.95307862805464,0.0,116.95307862805464,0.0,0.0,0.0,1.2353847213082259,-0.14290895951390198,0.0,0.0,2.0,0.0,0.0,0.0,0.0,0.011
0,-116.75135757200908,0.0,116.75135757200908,0.0,0.0,0.0,-0.07386915113718781,-0.13723663155865073,0.0,0.0,2.0,0.0,0.0,0.0,0.0,0.011
0,-117.03600795757636,0.0,117.03600795757636,0.0,0.0,0.0,-1.1633190084404517,-0.13493413936346738,0.0,0.0,2.0,0.0,0.0,0.0,0.0,0.01
0,-117.49061779332163,0.0,117.49061779332163,0.0,0.0,0.0,-0.35687638894131624,-0.14318851764965929,0.0,0.0,2.0,0.0,0.0,0.0,0.0,0.011
0,-117.4750359299902,0.0,117.4750359299902,0.0,0.0,0.0,-0.5682973016611091,-0.11709531821244296,0.0,0.0,2.0,0.0,0.0,0.0,0.0,0.01
0,-117.4303101410205,0.0,117.4303101410205,0.0,0.0,0.0,0.3453102085595906,0.18300300700832467,0.0,0.0,2.0,0.0,0.0,0.0,0.0,0.01
0,-117.17462377693684,0.0,117.17462377693684,0.0,0.0,0.0,0.2797161195624257,0.1106002504723794,0.0,0.0,2.0,0.0,0.0,0.0,0.0,0.011
0,-117.43885765977258,0.0,117.43885765977258,0.0,0.0,0.0,-0.8555988373270688,-0.5579248597128291,0.0,0.0,2.0,0.0,0.0,0.0,0.0,0.01
0,-117.39217344770647,0.0,117.39217344770647,0.0,0.0,0.0,1.128908256692919,-0.08809661084225395,0.0,0.0,2.0,0.0,0.0,0.0,0.0,0.008
0,-117.38968475923868,0.0,117.38968475923868,0.0,0.0,0.0,-0.04371329749740555,-0.08386558802456974,0.0,0.0,2.0,0.0,0.0,0.0,0.0,0.01
0,-117.2891991405304,0.0,117.2891991405304,0.0,0.0,0.0,0.01992425795657208,-0.14369728092095851,0.0,0.0,2.0,0.0,0.0,0.0,0.0,0.01
0,-117.31794612238241,0.0,117.31794612238241,0.0,0.0,0.0,-0.8940773349075224,-0.13758993774085426,0.0,0.0,2.0,0.0,0.0,0.0,0.0,0.01
0,-117.30636580196918,0.0,117.30636580196918,0.0,0.0,0.0,1.2662512529513696,0.1700826211752341,0.0,0.0,2.0,0.0,0.0,0.0,0.0,0.009
0,-117.28608188563307,0.0,117.28608188563307,0.0,0.0,0.0,0.1792878083025028,0.0936585763530757,0.0,0.0,2.0,0.0,0.0,0.0,0.0,0.007
0,-117.27713883321687,0.0,117.27713883321687,0.0,0.0,0.0,0.5676124391507957,0.05712487509485097,0.0,0.0,2.0,0.0,0.0,0.0,0.0,0.01
0,-117.31355853897563,0.0,117.31355853897563,0.0,0.0,0.0,0.17035440903580226,0.0071793019788184975,0.0,0.0,2.0,0.0,0.0,0.0,0.0,0.011
0,-117.29762657376595,0.0,117.29762657376595,0.0,0.0,0.0,-0.28904357503951733,0.33076524192093054,0.0,0.0,2.0,0.0,0.0,0.0,0.0,0.011
0,-117.2894813711906,0.0,117.2894813711906,0.0,0.0,0.0,-0.21167178986899618,0.1640100277334161,0.0,0.0,2.0,0.0,0.0,0.0,0.0,0.009
0,-117.26309128548401,0.0,117.26309128548401,0.0,0.0,0.0,0.7840673718894221,0.09642428848737074,0.0,0.0,2.0,0.0,0.0,0.0,0.0,0.011
0,-117.28799646470736,0.0,117.28799646470736,0.0,0.0,0.0,0.8947973235667894,0.37952994920396943,0.0,0.0,2.0,0.0,0.0,0.0,0.0,0.01
0,-117.56320086558388,0.0,117.56320086558388,0.0,0.0,0.0,-1.5947454379753083,0.30892979479226973,0.0,0.0,2.0,0.0,0.0,0.0,0.0,0.01
0,-117.52825762053472,0.0,117.52825762053472,0.0,0.0,0.0,0.3815006084716379,0.4957865153303673,0.0,0.0,2.0,0.0,0.0,0.0,0.0,0.011
0,-117.7552064835265,0.0,117.7552064835265,0.0,0.0,0.0,0.25184616836184537,0.614751060759257,0.0,0.0,2.0,0.0,0.0,0.0,0.0,0.01
0,-117.72430551756233,0.0,117.72430551756233,0.0,0.0,0.0,0.4198625864595389,0.4865588452227324,0.0,0.0,2.0,0.0,0.0,0.0,0.0,0.01
0,-117.49436303388,0.0,117.49436303388,0.0,0.0,0.0,0.236660883712564,0.6042995003310824,0.0,0.0,2.0,0.0,0.0,0.0,0.0,0.007
0,-117.30671015405451,0.0,117.30671015405451,0.0,0.0,0.0,0.2516431846235699,0.48502816116934805,0.0,0.0,2.0,0.0,0.0,0.0,0.0,0.012
0,-117.55166954695657,0.0,117.55166954695657,0.0,0.0,0.0,1.085800791523679,0.6181793451896531,0.0,0.0,2.0,0.0,0.0,0.0,0.0,0.009
0,-117.52627174641911,0.0,117.52627174641911,0.0,0.0,0.0,0.7743362076194749,0.5036944036181713,0.0,0.0,2.0,0.0,0.0,0.0,0.0,0.01
0,-117.48544330744582,0.0,117.48544330744582,0.0,0.0,0.0,0.08726721762010263,0.31270661130586125,0.0,0.0,2.0,0.0,0.0,0.0,0.0,0.01
0,-117.22804802315443,0.0,117.22804802315443,0.0,0.0,0.0,0.3423846201094235,0.15970978130376584,0.0,0.0,2.0,0.0,0.0,0.0,0.0,0.011
0,-117.47651821399073,0.0,117.47651821399073,0.0,0.0,0.0,0.7959243379600506,0.08646198981517786,0.0,0.0,2.0,0.0,0.0,0.0,0.0,0.009
0,-117.46020631685583,0.0,117.46020631685583,0.0,0.0,0.0,0.6020080887471126,0.05320982328456441,0.0,0.0,2.0,0.0,0.0,0.0,0.0,0.01
0,-117.43383857598478,0.0,117.43383857598478,0.0,0.0,0.0,-0.25642253816561156,0.5933444564022767,0.0,0.0,2.0,0.0,0.0,0.0,0.0,0.01
0,-117.4204631864644,0.0,117.4204631864644,0.0,0.0,0.0,-0.9123735909155793,0.37699367371449244,0.0,0.0,2.0,0.0,0.0,0.0,0.0,0.009
0,-117.09660771052141,0.0,117.09660771052141,0.0,0.0,0.0,0.23769385542471302,0.21299197494572406,0.0,0.0,2.0,0.0,0.0,0.0,0.0,0.01
0,-117.36021878857603,0.0,117.36021878857603,0.0,0.0,0.0,0.456418738213082,0.07989386356348635,0.0,0.0,2.0,0.0,0.0,0.0,0.0,0.01
0,-117.34930167462124,0.0,117.34930167462124,0.0,0.0,0.0,-0.08657653454247725,0.041511343560032,0.0,0.0,2.0,0.0,0.0,0.0,0.0,0.008
0,-117.33754600867346,0.0,117.33754600867346,0.0,0.0,0.0,0.6686216332499043,-0.021565944369214676,0.0,0.0,2.0,0.0,0.0,0.0,0.0,0.01
0,-117.57998806098355,0.0,117.57998806098355,0.0,0.0,0.0,-0.5262236480029754,-0.06952507786105695,0.0,0.0,2.0,0.0,0.0,0.0,0.0,0.01
0,-117.55294708480268,0.0,117.55294708480268,0.0,0.0,0.0,0.2041153317383368,-1.2042116060685817,0.0,0.0,2.0,0.0,0.0,0.0,0.0,0.01
0,-117.76959750327192,0.0,117.76959750327192,0.0,0.0,0.0,0.0006800703516341316,-0.6075356867217494,0.0,0.0,2.0,0.0,0.0,0.0,0.0,0.007
0,-117.74037913303748,0.0,117.74037913303748,0.0,0.0,0.0,0.1916830787841563,-0.18789563744345983,0.0,0.0,2.0,0.0,0.0,0.0,0.0,0.01
0,-117.6798911153384,0.0,117.6798911153384,0.0,0.0,0.0,1.058611772997553,-0.22504860719070782,0.0,0.0,2.0,0.0,0.0,0.0,0.0,0.01
0,-117.63946113847501,0.0,117.63946113847501,0.0,0.0,0.0,-0.30181016171385955,0.09551885771440968,0.0,0.0,2.0,0.0,0.0,0.0,0.0,0.011
0,-117.659642337469,0.0,117.659642337469,0.0,0.0,0.0,-0.6731565572421033,0.005528302215945205,0.0,0.0,2.0,0.0,0.0,0.0,0.0,0.009
0,-117.63857470006943,0.0,117.63857470006943,0.0,0.0,0.0,0.2624528353820856,-0.03014942010477792,0.0,0.0,2.0,0.0,0.0,0.0,0.0,0.01
0,-117.6095810484688,0.0,117.6095810484688,0.0,0.0,0.0,-0.20521229424677373,-0.056724742493421756,0.0,0.0,2.0,0.0,0.0,0.0,0.0,0.01
0,-117.55862080440751,0.0,117.55862080440751,0.0,0.0,0.0,1.1353995772653886,0.5673464057678841,0.0,0.0,2.0,0.0,0.0,0.0,0.0,0.01
0,-117.13218697340393,0.0,117.13218697340393,0.0,0.0,0.0,-0.13617953319061768,0.3554721335423483,0.0,0.0,2.0,0.0,0.0,0.0,0.0,0.009
0,-117.25218731839328,0.0,117.25218731839328,0.0,0.0,0.0,-0.6226207385964139,0.5174102472246369,0.0,0.0,2.0,0.0,0.0,0.0,0.0,0.01
0,-117.2376221929218,0.0,117.2376221929218,0.0,0.0,0.0,0.8779286238370482,0.383614012621064,0.0,0.0,2.0,0.0,0.0,0.0,0.0,0.01
0,-117.05080444349616,0.0,117.05080444349616,0.0,0.0,0.0,-0.19264884994400708,0.2292196836375551,0.0,0.0,2.0,0.0,0.0,0.0,0.0,0.011
0,-116.82057662380231,0.0,116.82057662380231,0.0,0.0,0.0,0.6304169813458786,0.1410524564488265,0.0,0.0,2.0,0.0,0.0,0.0,0.0,0.01
0,-116.60925772415348,0.0,116.60925772415348,0.0,0.0,0.0,0.5142635713506563,0.0682175464275056,0.0,0.0,2.0,0.0,0.0,0.0,0.0,0.011
0,-116.64746347261085,0.0,116.64746347261085,0.0,0.0,0.0,1.0581307847102324,0.37159734056957605,0.0,0.0,2.0,0.0,0.0,0.0,0.0,0.009
0,-116.68486986363378,0.0,116.68486986363378,0.0,0.0,0.0,0.08126032451802026,0.18081512557524534,0.0,0.0,2.0,0.0,0.0,0.0,0.0,0.012
0,-116.71627449125931,0.0,116.71627449125931,0.0,0.0,0.0,-0.5995464488513423,0.09569095111669314,0.0,0.0,2.0,0.0,0.0,0.0,0.0,0.01
0,-116.53021293962578,0.0,116.53021293962578,0.0,0.0,0.0,0.28297347792773164,0.07131845046946274,0.0,0.0,2.0,0.0,0.0,0.0,0.0,0.009
0,-116.5419415159498,0.0,116.5419415159498,0.0,0.0,0.0,0.799421230282885,0.390639363434894,0.0,0.0,2.0,0.0,0.0,0.0,0.0,0.011
0,-116.83057965492517,0.0,116.83057965492517,0.0,0.0,0.0,0.5457628669068205,0.21116777235096645,0.0,0.0,2.0,0.0,0.0,0.0,0.0,0.01
0,-116.85542765245387,0.0,116.85542765245387,0.0,0.0,0.0,-0.21653771265801589,-1.0240853877154092,0.0,0.0,2.0,0.0,0.0,0.0,0.0,0.01
0,-116.86839886179988,0.0,116.86839886179988,0.0,0.0,0.0,-0.06811811645663068,-0.765298911686827,0.0,0.0,2.0,0.0,0.0,0.0,0.0,0.01
0,-116.93559010501096,0.0,116.93559010501096,0.0,0.0,0.0,-0.8819292698288302,-0.6069172806484063,0.0,0.0,2.0,0.0,0.0,0.0,0.0,0.009
0,-116.94355727660961,0.0,116.94355727660961,0.0,0.0,0.0,0.1440211003144505,-0.47029338248739033,0.0,0.0,2.0,0.0,0.0,0.0,0.0,0.011
0,-116.94606384394021,0.0,116.94606384394021,0.0,0.0,0.0,0.16151750200596587,-0.047464506594932065,0.0,0.0,2.0,0.0,0.0,0.0,0.0,0.011
0,-116.95261661676825,0.0,116.95261661676825,0.0,0.0,0.0,1.0491456437113744,-0.08989344243603928,0.0,0.0,2.0,0.0,0.0,0.0,0.0,0.008
0,-116.77389508578821,0.0,116.77389508578821,0.0,0.0,0.0,1.2970666902012746,-0.0832264420385603,0.0,0.0,2.0,0.0,0.0,0.0,0.0,0.01
0,-116.59114540327941,0.0,116.59114540327941,0.0,0.0,0.0,0.45821469946340193,-0.10311533411702786,0.0,0.0,2.0,0.0,0.0,0.0,0.0,0.011
0,-116.8939783797731,0.0,116.8939783797731,0.0,0.0,0.0,0.3216640970311012,-0.09605079549912014,0.0,0.0,2.0,0.0,0.0,0.0,0.0,0.011
0,-116.90441967667019,0.0,116.90441967667019,0.0,0.0,0.0,0.9526155909318403,0.2554032147023103,0.0,0.0,2.0,0.0,0.0,0.0,0.0,0.011
0,-116.9134367841001,0.0,116.9134367841001,0.0,0.0,0.0,0.390104819713799,0.4663378054786444,0.0,0.0,2.0,0.0,0.0,0.0,0.0,0.011
0,-116.89724514272665,0.0,116.89724514272665,0.0,0.0,0.0,-0.22959584247466547,-0.8302059332038012,0.0,0.0,2.0,0.0,0.0,0.0,0.0,0.008
0,-117.17281539035923,0.0,117.17281539035923,0.0,0.0,0.0,0.2282249547841718,-0.3752490974881805,0.0,0.0,2.0,0.0,0.0,0.0,0.0,0.01
0,-117.35211190672482,0.0,117.35211190672482,0.0,0.0,0.0,-0.7044221579586822,-0.320086756762266,0.0,0.0,2.0,0.0,0.0,0.0,0.0,0.011
0,-117.33675265995099,0.0,117.33675265995099,0.0,0.0,0.0,-0.9091817693679022,-0.26141441968606294,0.0,0.0,2.0,0.0,0.0,0.0,0.0,0.01
0,-117.25611171022815,0.0,117.25611171022815,0.0,0.0,0.0,0.11996810603089322,0.07466128273144645,0.0,0.0,2.0,0.0,0.0,0.0,0.0,0.01
0,-117.52317859982779,0.0,117.52317859982779,0.0,0.0,0.0,-1.4438528934384551,-0.007452311506966031,0.0,0.0,2.0,0.0,0.0,0.0,0.0,0.009
0,-117.52531056376414,0.0,117.52531056376414,0.0,0.0,0.0,-0.33317610145306087,-0.03263005073909124,0.0,0.0,2.0,0.0,0.0,0.0,0.0,0.01
0,-117.78956252875648,0.0,117.78956252875648,0.0,0.0,0.0,-1.083249528266887,-0.04062255055619958,0.0,0.0,2.0,0.0,0.0,0.0,0.0,0.01
0,-117.76785257256877,0.0,117.76785257256877,0.0,0.0,0.0,-0.002421747629097532,-0.06009621579921505,0.0,0.0,2.0,0.0,0.0,0.0,0.0,0.01
0,-117.70391522987359,0.0,117.70391522987359,0.0,0.0,0.0,-0.07498303264467703,-0.09766512739506567,0.0,0.0,2.0,0.0,0.0,0.0,0.0,0.011
0,-117.46445582008201,0.0,117.46445582008201,0.0,0.0,0.0,0.5326858093170375,0.23881877604656926,0.0,0.0,2.0,0.0,0.0,0.0,0.0,0.011
0,-117.69584302856607,0.0,117.69584302856607,0.0,0.0,0.0,-0.4871363525671493,0.11818927469402261,0.0,0.0,2.0,0.0,0.0,0.0,0.0,0.011
0,-117.64169301155577,0.0,117.64169301155577,0.0,0.0,0.0,0.6957546793669276,0.06356854273167968,0.0,0.0,2.0,0.0,0.0,0.0,0.0,0.01
0,-117.6059356002035,0.0,117.6059356002035,0.0,0.0,0.0,-0.31276014081232983,0.03205934644695015,0.0,0.0,2.0,0.0,0.0,0.0,0.0,0.008
0,-117.58401910007981,0.0,117.58401910007981,0.0,0.0,0.0,0.6494509894636805,0.013519292361511562,0.0,0.0,2.0,0.0,0.0,0.0,0.0,0.01
0,-117.8190234632706,0.0,117.8190234632706,0.0,0.0,0.0,-0.0668701143345337,-0.011631175448881424,0.0,0.0,2.0,0.0,0.0,0.0,0.0,0.011
0,-117.59075748747017,0.0,117.59075748747017,0.0,0.0,0.0,0.39411703244963564,-1.2096023893174466,0.0,0.0,2.0,0.0,0.0,0.0,0.0,0.011
0,-117.53869318766317,0.0,117.53869318766317,0.0,0.0,0.0,0.03658393932677128,-0.8955414362835986,0.0,0.0,2.0,0.0,0.0,0.0,0.0,0.01
0,-117.50372838331023,0.0,117.50372838331023,0.0,0.0,0.0,-0.14877202090907626,-0.6991152029073998,0.0,0.0,2.0,0.0,0.0,0.0,0.0,0.007
0,-117.48189023727707,0.0,117.48189023727707,0.0,0.0,0.0,1.1223189591645697,-0.5957697477563981,0.0,0.0,2.0,0.0,0.0,0.0,0.0,0.01
0,-117.22683434873086,0.0,117.22683434873086,0.0,0.0,0.0,-0.6651503853344155,-0.45757729860290125,0.0,0.0,2.0,0.0,0.0,0.0,0.0,0.01
0,-117.20387929740828,0.0,117.20387929740828,0.0,0.0,0.0,1.5542334792150436,-0.38893390171721504,0.0,0.0,2.0,0.0,0.0,0.0,0.0,0.01
0,-117.20496640863023,0.0,117.20496640863023,0.0,0.0,0.0,-0.32976501543750125,-0.3405640706429275,0.0,0.0,2.0,0.0,0.0,0.0,0.0,0.009
0,-117.23996345856744,0.0,117.23996345856744,0.0,0.0,0.0,1.1460864085183922,-0.29961060368322673,0.0,0.0,2.0,0.0,0.0,0.0,0.0,0.01
0,-117.2376353673241,0.0,117.2376353673241,0.0,0.0,0.0,-0.06482111920415656,-0.23893974684790634,0.0,0.0,2.0,0.0,0.0,0.0,0.0,0.01
0,-117.47954285178167,0.0,117.47954285178167,0.0,0.0,0.0,0.455142987064946,-0.20089917257563067,0.0,0.0,2.0,0.0,0.0,0.0,0.0,0.009
0,-117.45646781118997,0.0,117.45646781118997,0.0,0.0,0.0,0.16877199969647944,-0.17975129627046324,0.0,0.0,2.0,0.0,0.0,0.0,0.0,0.011
0,-117.23905142461525,0.0,117.23905142461525,0.0,0.0,0.0,-0.3758932158280938,-0.20409590363651858,0.0,0.0,2.0,0.0,0.0,0.0,0.0,0.01
0,-117.06216859502481,0.0,117.06216859502481,0.0,0.0,0.0,-0.3694263439182014,-0.1665174681909327,0.0,0.0,2.0,0.0,0.0,0.0,0.0,0.01
0,-117.31625401724125,0.0,117.31625401724125,0.0,0.0,0.0,1.611976139383685,0.13958580911821222,0.0,0.0,2.0,0.0,0.0,0.0,0.0,0.01
0,-117.28662190989728,0.0,117.28662190989728,0.0,0.0,0.0,-0.1822580674510177,0.0739972257730466,0.0,0.0,2.0,0.0,0.0,0.0,0.0,0.011
0,-117.27035118643985,0.0,117.27035118643985,0.0,0.0,0.0,1.3578342073054814,0.0020008950137350365,0.0,0.0,2.0,0.0,0.0,0.0,0.0,0.008
0,-117.5433414138524,0.0,117.5433414138524,0.0,0.0,0.0,-1.0595262270187327,-0.031114647385497404,0.0,0.0,2.0,0.0,0.0,0.0,0.0,0.01
0,-117.52183610227385,0.0,117.52183610227385,0.0,0.0,0.0,0.07725309548121193,-0.03940137901575785,0.0,0.0,2.0,0.0,0.0,0.0,0.0,0.01
0,-117.27292365142996,0.0,117.27292365142996,0.0,0.0,0.0,-0.21681685681593627,-0.08610504851782386,0.0,0.0,2.0,0.0,0.0,0.0,0.0,0.011
0,-117.53272389723777,0.0,117.53272389723777,0.0,0.0,0.0,0.04223781978704942,-0.07735602623721143,0.0,0.0,2.0,0.0,0.0,0.0,0.0,0.01
0,-117.49743120996614,0.0,117.49743120996614,0.0,0.0,0.0,0.2852840130081148,0.21757910099494,0.0,0.0,2.0,0.0,0.0,0.0,0.0,0.01
0,-117.47887484798649,0.0,117.47887484798649,0.0,0.0,0.0,0.3774609198849676,0.17128490146421294,0.0,0.0,2.0,0.0,0.0,0.0,0.0,0.01
0,-117.22245968806622,0.0,117.22245968806622,0.0,0.0,0.0,1.0157976264307051,0.4359603456093064,0.0,0.0,2.0,0.0,0.0,0.0,0.0,0.011
0,-117.255179714436,0.0,117.255179714436,0.0,0.0,0.0,-0.2531331674053812,0.2409350622688958,0.0,0.0,2.0,0.0,0.0,0.0,0.0,0.01
0,-117.23355533035576,0.0,117.23355533035576,0.0,0.0,0.0,0.858409067939505,0.12000441992738203,0.0,0.0,2.0,0.0,0.0,0.0,0.0,0.01
0,-117.21535221364223,0.0,117.21535221364223,0.0,0.0,0.0,0.47543032375821986,0.06960983582981739,0.0,0.0,2.0,0.0,0.0,0.0,0.0,0.01
0,-117.2111887886808,0.0,117.2111887886808,0.0,0.0,0.0,0.44161943705181267,0.03387680346608444,0.0,0.0,2.0,0.0,0.0,0.0,0.0,0.007
0,-117.01188289627551,0.0,117.01188289627551,0.0,0.0,0.0,-0.001794004653227112,0.01267420743655329,0.0,0.0,2.0,0.0,0.0,0.0,0.0,0.01
0,-117.45936526694267,0.0,117.45936526694267,0.0,0.0,0.0,-0.09603795117965758,0.3268107803180874,0.0,0.0,2.0,0.0,0.0,0.0,0.0,0.01
0,-117.69209938209066,0.0,117.69209938209066,0.0,0.0,0.0,-0.3130219768630381,0.147501055664708,0.0,0.0,2.0,0.0,0.0,0.0,0.0,0.011
0,-117.62841949975238,0.0,117.62841949975238,0.0,0.0,0.0,-0.48710155494174373,0.04342076016129573,0.0,0.0,2.0,0.0,0.0,0.0,0.0,0.009
0,-117.57732384559954,0.0,117.57732384559954,0.0,0.0,0.0,1.0143118186076763,-0.009460993655298882,0.0,0.0,2.0,0.0,0.0,0.0,0.0,0.011
0,-117.51802116057425,0.0,117.51802116057425,0.0,0.0,0.0,-0.026007024265536666,-0.07205856324460927,0.0,0.0,2.0,0.0,0.0,0.0,0.0,0.01
0,-117.29363256926938,0.0,117.29363256926938,0.0,0.0,0.0,1.1937094365133571,-0.07410654755421259,0.0,0.0,2.0,0.0,0.0,0.0,0.0,0.009
0,-117.24468050219451,0.0,117.24468050219451,0.0,0.0,0.0,-0.17520234338653087,0.29024591534582345,0.0,0.0,2.0,0.0,0.0,0.0,0.0,0.01
0,-117.24670903434794,0.0,117.24670903434794,0.0,0.0,0.0,-0.5040022853625098,0.49686174447640913,0.0,0.0,2.0,0.0,0.0,0.0,0.0,0.01
0,-117.41037373307277,0.0,117.41037373307277,0.0,0.0,0.0,-0.21239963118595961,0.33389166677955534,0.0,0.0,2.0,0.0,0.0,0.0,0.0,0.01
0,-117.22127922358325,0.0,117.22127922358325,0.0,0.0,0.0,0.4738995896357701,0.2191110559590276,0.0,0.0,2.0,0.0,0.0,0.0,0.0,0.011
0,-117.21197547574337,0.0,117.21197547574337,0.0,0.0,0.0,0.41735436992045144,0.08209690682602858,0.0,0.0,2.0,0.0,0.0,0.0,0.0,0.009
0,-117.21453744458059,0.0,117.21453744458059,0.0,0.0,0.0,0.5195314382623534,0.06304348931292383,0.0,0.0,2.0,0.0,0.0,0.0,0.0,0.01
0,-117.20107199871258,0.0,117.20107199871258,0.0,0.0,0.0,0.6133668010441184,0.006006848384473986,0.0,0.0,2.0,0.0,0.0,0.0,0.0,0.011
0,-117.26790958836966,0.0,117.26790958836966,0.0,0.0,0.0,-0.7255692924301627,0.27165932534243165,0.0,0.0,2.0,0.0,0.0,0.0,0.0,0.009
0,-117.51876496598092,0.0,117.51876496598092,0.0,0.0,0.0,-0.16816706551959587,0.13203785794743214,0.0,0.0,2.0,0.0,0.0,0.0,0.0,0.01
0,-117.49095421056427,0.0,117.49095421056427,0.0,0.0,0.0,0.17371976601459369,0.020799237076305724,0.0,0.0,2.0,0.0,0.0,0.0,0.0,0.011
0,-117.2400638196834,0.0,117.2400638196834,0.0,0.0,0.0,0.553471447153183,-0.027259238658709935,0.0,0.0,2.0,0.0,0.0,0.0,0.0,0.01
0,-117.07341621821074,0.0,117.07341621821074,0.0,0.0,0.0,0.2466434133924698,-0.05214532174755432,0.0,0.0,2.0,0.0,0.0,0.0,0.0,0.007
0,-116.83578586258022,0.0,116.83578586258022,0.0,0.0,0.0,-0.15769568824071165,-0.06647231226044001,0.0,0.0,2.0,0.0,0.0,0.0,0.0,0.01
0,-117.11679067889537,0.0,117.11679067889537,0.0,0.0,0.0,-0.09898443369527433,-0.09670173994377278,0.0,0.0,2.0,0.0,0.0,0.0,0.0,0.01
0,-117.13419913955917,0.0,117.13419913955917,0.0,0.0,0.0,-1.2994225134625568,-1.2271154071863069,0.0,0.0,2.0,0.0,0.0,0.0,0.0,0.01
0,-117.1169563304159,0.0,117.1169563304159,0.0,0.0,0.0,0.5562612356607264,-0.923170950423528,0.0,0.0,2.0,0.0,0.0,0.0,0.0,0.01
0,-117.10596679649217,0.0,117.10596679649217,0.0,0.0,0.0,0.22856731165254968,-0.7001109978557802,0.0,0.0,2.0,0.0,0.0,0.0,0.0,0.009
0,-116.90294134122568,0.0,116.90294134122568,0.0,0.0,0.0,0.1875435144540836,-0.6339525872306193,0.0,0.0,2.0,0.0,0.0,0.0,0.0,0.011
0,-116.77878270420531,0.0,116.77878270420531,0.0,0.0,0.0,-0.8425851519657579,-0.5210709281744469,0.0,0.0,2.0,0.0,0.0,0.0,0.0,0.01
0,-116.84451298784955,0.0,116.84451298784955,0.0,0.0,0.0,-0.2510674951486053,-0.4638845349817087,0.0,0.0,2.0,0.0,0.0,0.0,0.0,0.01
0,-116.85103420308556,0.0,116.85103420308556,0.0,0.0,0.0,0.1835121136768915,-0.39575574205089004,0.0,0.0,2.0,0.0,0.0,0.0,0.0,0.01
0,-116.87257069337204,0.0,116.87257069337204,0.0,0.0,0.0,0.09527017216206339,-0.3216415484022994,0.0,0.0,2.0,0.0,0.0,0.0,0.0,0.009
0,-116.87629700908178,0.0,116.87629700908178,0.0,0.0,0.0,0.37951317677448376,-0.29588480341529255,0.0,0.0,2.0,0.0,0.0,0.0,0.0,0.011
0,-116.94966139206672,0.0,116.94966139206672,0.0,0.0,0.0,-0.9097653492474722,-0.268102642800878,0.0,0.0,2.0,0.0,0.0,0.0,0.0,0.01
0,-117.23876042485554,0.0,117.23876042485554,0.0,0.0,0.0,-0.8142882214563731,-0.2364621498438784,0.0,0.0,2.0,0.0,0.0,0.0,0.0,0.01
0,-117.22578268197132,0.0,117.22578268197132,0.0,0.0,0.0,-0.13174299656122204,-0.19255889151953012,0.0,0.0,2.0,0.0,0.0,0.0,0.0,0.011
0,-117.03080061225164,0.0,117.03080061225164,0.0,0.0,0.0,0.19265465600287196,0.1285635581506543,0.0,0.0,2.0,0.0,0.0,0.0,0.0,0.01
0,-117.08542616356729,0.0,117.08542616356729,0.0,0.0,0.0,-0.7143992512031606,0.018722394302163624,0.0,0.0,2.0,0.0,0.0,0.0,0.0,0.009
0,-117.08131885917159,0.0,117.08131885917159,0.0,0.0,0.0,-0.09369616220465754,0.3456683390723451,0.0,0.0,2.0,0.0,0.0,0.0,0.0,0.01
0,-117.07633608755339,0.0,117.07633608755339,0.0,0.0,0.0,-0.10333277663662205,0.16039282726078075,0.0,0.0,2.0,0.0,0.0,0.0,0.0,0.011
0,-117.02940906953106,0.0,117.02940906953106,0.0,0.0,0.0,0.2896070663174645,0.3869922602990552,0.0,0.0,2.0,0.0,0.0,0.0,0.0,0.01
0,-117.01360482008903,0.0,117.01360482008903,0.0,0.0,0.0,-0.3396053648009687,0.2362494630587495,0.0,0.0,2.0,0.0,0.0,0.0,0.0,0.01
0,-117.02224100355386,0.0,117.02224100355386,0.0,0.0,0.0,0.5089078447377295,0.19626619556335873,0.0,0.0,2.0,0.0,0.0,0.0,0.0,0.01
0,-117.04462284303449,0.0,117.04462284303449,0.0,0.0,0.0,0.23488769435944865,0.08644708963987657,0.0,0.0,2.0,0.0,0.0,0.0,0.0,0.01
0,-117.05495750902826,0.0,117.05495750902826,0.0,0.0,0.0,0.004468462353119571,-0.8592243737350561,0.0,0.0,2.0,0.0,0.0,0.0,0.0,0.01
0,-117.05746769220883,0.0,117.05746769220883,0.0,0.0,0.0,-0.1573335118222962,-0.68014284815817,0.0,0.0,2.0,0.0,0.0,0.0,0.0,0.009
0,-117.0497323883491,0.0,117.0497323883491,0.0,0.0,0.0,0.17679888898825744,-0.5248209492780499,0.0,0.0,2.0,0.0,0.0,0.0,0.0,0.01
0,-117.0547633993814,0.0,117.0547633993814,0.0,0.0,0.0,0.21981833263753733,-0.403409546796543,0.0,0.0,2.0,0.0,0.0,0.0,0.0,0.011
0,-117.04341904496698,0.0,117.04341904496698,0.0,0.0,0.0,0.7777090233348279,-0.31827780141977086,0.0,0.0,2.0,0.0,0.0,0.0,0.0,0.008
0,-117.257449224169,0.0,117.257449224169,0.0,0.0,0.0,0.8504391777018799,-0.3087714329454635,0.0,0.0,2.0,0.0,0.0,0.0,0.0,0.01
0,-117.24401276162425,0.0,117.24401276162425,0.0,0.0,0.0,-0.17985957367560718,-0.247813711074947,0.0,0.0,2.0,0.0,0.0,0.0,0.0,0.01
0,-117.00548906663457,0.0,117.00548906663457,0.0,0.0,0.0,0.12011551312256143,-0.21946071298354286,0.0,0.0,2.0,0.0,0.0,0.0,0.0,0.009
0,-117.00172389810005,0.0,117.00172389810005,0.0,0.0,0.0,-0.37023544752542714,-0.17235487064431027,0.0,0.0,2.0,0.0,0.0,0.0,0.0,0.011
0,-117.28023136351003,0.0,117.28023136351003,0.0,0.0,0.0,-0.7370546378522133,-0.181829389177654,0.0,0.0,2.0,0.0,0.0,0.0,0.0,0.01
0,-117.44525847863149,0.0,117.44525847863149,0.0,0.0,0.0,0.0681478972056755,-0.18383909086367495,0.0,0.0,2.0,0.0,0.0,0.0,0.0,0.01
0,-117.40751892244778,0.0,117.40751892244778,0.0,0.0,0.0,0.7070790060552278,-1.1083039213087036,0.0,0.0,2.0,0.0,0.0,0.0,0.0,0.008
0,-117.39656998690975,0.0,117.39656998690975,0.0,0.0,0.0,0.5758041390648996,-0.9775302469629461,0.0,0.0,2.0,0.0,0.0,0.0,0.0,0.01
0,-117.13271742950667,0.0,117.13271742950667,0.0,0.0,0.0,0.9594025467481916,-0.7708405498288292,0.0,0.0,2.0,0.0,0.0,0.0,0.0,0.011
0,-117.38949384437666,0.0,117.38949384437666,0.0,0.0,0.0,-0.13481059594382316,-0.5847301800826727,0.0,0.0,2.0,0.0,0.0,0.0,0.0,0.011
0,-117.20741363975164,0.0,117.20741363975164,0.0,0.0,0.0,0.040235634074091274,-0.518272417458367,0.0,0.0,2.0,0.0,0.0,0.0,0.0,0.012
0,-117.18614399858032,0.0,117.18614399858032,0.0,0.0,0.0,-0.05784479749594564,-0.08473010416383031,0.0,0.0,2.0,0.0,0.0,0.0,0.0,0.01
0,-116.9541328368945,0.0,116.9541328368945,0.0,0.0,0.0,0.5607284309994761,-0.09689502726283405,0.0,0.0,2.0,0.0,0.0,0.0,0.0,0.011
0,-117.22927435046822,0.0,117.22927435046822,0.0,0.0,0.0,-1.0248528490026216,-0.1416088749120273,0.0,0.0,2.0,0.0,0.0,0.0,0.0,0.01
0,-117.21957822542322,0.0,117.21957822542322,0.0,0.0,0.0,0.2158307496649136,-0.17663285025673373,0.0,0.0,2.0,0.0,0.0,0.0,0.0,0.01
0,-117.19048294125142,0.0,117.19048294125142,0.0,0.0,0.0,1.1129709618933408,-0.1407578002693616,0.0,0.0,2.0,0.0,0.0,0.0,0.0,0.011
0,-117.0206553479328,0.0,117.0206553479328,0.0,0.0,0.0,-0.035457746428440566,0.21629589772795924,0.0,0.0,2.0,0.0,0.0,0.0,0.0,0.01
0,-116.80506023898558,0.0,116.80506023898558,0.0,0.0,0.0,1.0895371291520977,-1.0201251564217355,0.0,0.0,2.0,0.0,0.0,0.0,0.0,0.01
0,-116.81801494419439,0.0,116.81801494419439,0.0,0.0,0.0,0.6604457343721177,-0.7945890165914227,0.0,0.0,2.0,0.0,0.0,0.0,0.0,0.009
0,-116.83264608511023,0.0,116.83264608511023,0.0,0.0,0.0,1.2597610333530769,-0.31987917172639735,0.0,0.0,2.0,0.0,0.0,0.0,0.0,0.009
0,-116.60304953295162,0.0,116.60304953295162,0.0,0.0,0.0,0.9380687320567874,-0.32848209282174035,0.0,0.0,2.0,0.0,0.0,0.0,0.0,0.01
0,-116.31180962695161,0.0,116.31180962695161,0.0,0.0,0.0,0.09005275429681461,-0.2645074362701028,0.0,0.0,2.0,0.0,0.0,0.0,0.0,0.01
0,-116.4185862186105,0.0,116.4185862186105,0.0,0.0,0.0,-0.1819673424231965,0.08725654035371655,0.0,0.0,2.0,0.0,0.0,0.0,0.0,0.01
0,-116.48017000587397,0.0,116.48017000587397,0.0,0.0,0.0,-0.9101821077244127,0.02887827681978883,0.0,0.0,2.0,0.0,0.0,0.0,0.0,0.011
0,-116.52126757625496,0.0,116.52126757625496,0.0,0.0,0.0,0.45590306409666326,-0.012928669884407594,0.0,0.0,2.0,0.0,0.0,0.0,0.0,0.008
0,-116.54382566071882,0.0,116.54382566071882,0.0,0.0,0.0,0.6011193194367949,-0.06682996601774684,0.0,0.0,2.0,0.0,0.0,0.0,0.0,0.01
0,-116.39883648584585,0.0,116.39883648584585,0.0,0.0,0.0,-0.14032284110510973,-0.1261748673112208,0.0,0.0,2.0,0.0,0.0,0.0,0.0,0.01
0,-116.28876433203179,0.0,116.28876433203179,0.0,0.0,0.0,-0.007771371099339967,-0.1233638565926033,0.0,0.0,2.0,0.0,0.0,0.0,0.0,0.01
0,-116.33972140114692,0.0,116.33972140114692,0.0,0.0,0.0,0.8843926981299793,-0.11082869943793183,0.0,0.0,2.0,0.0,0.0,0.0,0.0,0.009
0,-116.38744885986578,0.0,116.38744885986578,0.0,0.0,0.0,1.0874919157131653,0.16894848743184565,0.0,0.0,2.0,0.0,0.0,0.0,0.0,0.008
0,-116.43923054931568,0.0,116.43923054931568,0.0,0.0,0.0,-0.49614664936811786,0.4171838487601562,0.0,0.0,2.0,0.0,0.0,0.0,0.0,0.009
0,-116.2448089974952,0.0,116.2448089974952,0.0,0.0,0.0,-0.2806795380922936,0.33746220168532703,0.0,0.0,2.0,0.0,0.0,0.0,0.0,0.01
0,-116.31362697894296,0.0,116.31362697894296,0.0,0.0,0.0,0.0815315049244098,0.22471577764592274,0.0,0.0,2.0,0.0,0.0,0.0,0.0,0.011
0,-116.66846888901289,0.0,116.66846888901289,0.0,0.0,0.0,0.17312472819066518,0.4570628357749851,0.0,0.0,2.0,0.0,0.0,0.0,0.0,0.01
0,-116.70456580065711,0.0,116.70456580065711,0.0,0.0,0.0,-0.06297582442687075,0.2888197000792219,0.0,0.0,2.0,0.0,0.0,0.0,0.0,0.011
0,-116.5941042082773,0.0,116.5941042082773,0.0,0.0,0.0,0.0920202007125771,0.17286617924364098,0.0,0.0,2.0,0.0,0.0,0.0,0.0,0.009
0,-116.41598476403752,0.0,116.41598476403752,0.0,0.0,0.0,0.41474063350782403,0.09249799499869754,0.0,0.0,2.0,0.0,0.0,0.0,0.0,0.01
0,-116.46821654359009,0.0,116.46821654359009,0.0,0.0,0.0,-0.10914367599445081,0.018707844314440815,0.0,0.0,2.0,0.0,0.0,0.0,0.0,0.009
0,-116.48917271219035,0.0,116.48917271219035,0.0,0.0,0.0,0.40533643242579215,0.004554481586388064,0.0,0.0,2.0,0.0,0.0,0.0,0.0,0.01
0,-116.3150734117105,0.0,116.3150734117105,0.0,0.0,0.0,0.004183393263633233,-0.022091894320472902,0.0,0.0,2.0,0.0,0.0,0.0,0.0,0.011
